2025-10-29T19:34:08.232461,0.000501730595715344
2025-10-29T19:34:09.009525,0.6432362794876099
2025-10-29T19:34:52.527484,0.00048625218914821744
2025-10-29T19:34:52.541779,0.6231633424758911
2025-10-29T19:35:35.224925,0.0004784247721545398
2025-10-29T19:35:35.234666,0.6032419800758362
2025-10-29T19:36:18.177474,0.000466273573692888
2025-10-29T19:36:18.196831,0.5842071771621704
2025-10-29T19:36:59.263945,0.0004663816071115434
2025-10-29T19:36:59.284128,0.565418004989624
2025-10-29T19:37:40.402445,0.0004523562383837998
2025-10-29T19:37:40.415914,0.5476176738739014
2025-10-29T19:38:19.261669,0.5304675102233887
2025-10-29T19:38:58.859574,0.5146088004112244
2025-10-29T19:39:37.920039,0.49854809045791626
2025-10-29T19:40:17.065836,0.48260951042175293
2025-10-29T19:40:55.385326,0.4678259789943695
2025-10-29T19:41:34.270285,0.45366770029067993
2025-10-29T19:42:13.169925,0.43949246406555176
2025-10-29T19:42:50.262751,0.42644286155700684
2025-10-29T19:43:28.654473,0.41313743591308594
2025-10-29T19:44:07.079262,0.4007086753845215
2025-10-29T19:44:45.841439,0.3895416855812073
2025-10-29T19:45:25.034764,0.37798213958740234
2025-10-29T19:46:02.221877,0.36682969331741333
2025-10-29T19:46:40.010536,0.35566002130508423
2025-10-29T19:47:19.004748,0.34576699137687683
2025-10-29T19:47:58.005365,0.33547288179397583
2025-10-29T19:48:35.599301,0.3253413438796997
2025-10-29T19:49:14.637415,0.3169272840023041
2025-10-29T19:49:53.853456,0.3083612322807312
2025-10-29T19:50:32.099707,0.2988409698009491
2025-10-29T19:51:11.714835,0.29017677903175354
2025-10-29T19:51:51.040091,0.2827792763710022
2025-10-29T19:52:28.053321,0.2748870551586151
2025-10-29T19:53:04.925829,0.2674245238304138
2025-10-29T19:53:41.383298,0.26001855731010437
2025-10-29T19:54:18.528429,0.25308704376220703
2025-10-29T19:54:55.018626,0.24602161347866058
2025-10-29T19:55:30.521578,0.239207923412323
2025-10-29T19:56:08.833641,0.23286312818527222
2025-10-29T19:56:47.342053,0.22716590762138367
2025-10-29T19:57:25.341418,0.22090061008930206
2025-10-29T19:58:03.243559,0.2151774764060974
2025-10-29T19:58:41.689639,0.21018174290657043
2025-10-29T19:59:19.676446,0.2051234394311905
2025-10-29T19:59:58.201539,0.19919756054878235
2025-10-29T20:00:36.582041,0.1941373497247696
2025-10-29T20:01:16.346106,0.1897369921207428
2025-10-29T20:01:53.802694,0.18500792980194092
2025-10-29T20:02:30.507592,0.17974300682544708
2025-10-29T20:03:07.747406,0.175514355301857
2025-10-29T20:03:44.548701,0.17147739231586456
2025-10-29T20:04:23.047608,0.16755995154380798
2025-10-29T20:05:02.897449,0.16334962844848633
2025-10-29T20:05:42.221347,0.1599268615245819
2025-10-29T20:06:23.589288,0.15544374287128448
2025-10-29T20:07:02.688527,0.15113171935081482
2025-10-29T20:07:41.877044,0.1482304334640503
2025-10-29T20:08:20.556328,0.14459528028964996
2025-10-29T20:08:58.576402,0.14108285307884216
2025-10-29T20:09:37.583400,0.13818517327308655
2025-10-29T20:10:16.376380,0.13477396965026855
2025-10-29T20:10:55.110629,0.13092073798179626
2025-10-29T20:11:35.846454,0.12830820679664612
2025-10-29T20:12:14.421025,0.12565651535987854
2025-10-29T20:12:52.321246,0.12203145027160645
2025-10-29T20:13:30.478688,0.12004793435335159
2025-10-29T20:14:09.041571,0.1173514872789383
2025-10-29T20:14:47.432415,0.11417493224143982
2025-10-29T20:15:27.102257,0.11154545843601227
2025-10-29T20:16:06.630681,0.10941096395254135
2025-10-29T20:16:45.678687,0.10685551911592484
2025-10-29T20:17:24.386811,0.10491897165775299
2025-10-29T20:18:03.142568,0.10225485265254974
2025-10-29T20:18:41.374245,0.100020632147789
2025-10-29T20:19:20.134717,0.09791752696037292
2025-10-29T20:19:59.110576,0.0958596020936966
2025-10-29T20:20:35.591381,0.09417349100112915
2025-10-29T20:21:13.824410,0.09206320345401764
2025-10-29T20:21:52.888778,0.09022876620292664
2025-10-29T20:22:30.572026,0.08814775198698044
2025-10-29T20:23:08.036923,0.0866113007068634
2025-10-29T20:23:45.521426,0.08463410288095474
2025-10-29T20:24:24.547128,0.08314147591590881
2025-10-29T20:25:04.515334,0.08100270479917526
2025-10-29T20:25:46.037320,0.07962459325790405
2025-10-29T20:26:24.538935,0.07735949754714966
2025-10-29T20:27:02.892157,0.07613025605678558
2025-10-29T20:27:42.105732,0.07450832426548004
2025-10-29T20:28:20.341269,0.07255592942237854
2025-10-29T20:28:59.794439,0.07174276560544968
2025-10-29T20:29:37.543390,0.0698801577091217
2025-10-29T20:30:16.501104,0.06829135119915009
2025-10-29T20:30:58.078837,0.06745879352092743
2025-10-29T20:31:36.338583,0.06583662331104279
2025-10-29T20:32:17.376738,0.06415799260139465
2025-10-29T20:32:56.615621,0.06336040794849396
2025-10-29T20:33:34.745913,0.061603184789419174
2025-10-29T20:34:13.654402,0.06034952402114868
2025-10-29T20:34:52.198038,0.05932066589593887
2025-10-29T20:35:32.613237,0.05816785991191864
2025-10-29T20:36:13.036440,0.05681828036904335
2025-10-29T20:36:52.708557,0.05632239207625389
2025-10-29T20:37:33.158241,0.05483526736497879
2025-10-29T20:38:12.071208,0.05375972390174866
2025-10-29T20:38:52.012299,0.052832186222076416
2025-10-29T20:39:30.967109,0.05188743770122528
2025-10-29T20:40:11.073087,0.05061960220336914
2025-10-29T20:40:48.338866,0.04956582188606262
2025-10-29T20:41:29.027218,0.04858900234103203
2025-10-29T20:42:08.198668,0.047468237578868866
2025-10-29T20:42:49.289523,0.04657407104969025
2025-10-29T20:43:29.105667,0.04601866751909256
2025-10-29T20:44:08.534639,0.04503057524561882
2025-10-29T20:44:47.408953,0.04417303204536438
2025-10-29T20:45:28.382777,0.04338677227497101
2025-10-29T20:46:07.785711,0.04216504842042923
2025-10-29T20:46:45.384292,0.041646674275398254
2025-10-29T20:47:25.482960,0.04085644707083702
2025-10-29T20:48:05.199994,0.04028267785906792
2025-10-29T20:48:45.378845,0.039323028177022934
2025-10-29T20:49:25.066086,0.03907855600118637
2025-10-29T20:50:04.432392,0.03797376528382301
2025-10-29T20:50:43.098152,0.037268370389938354
2025-10-29T20:51:21.295553,0.03641681745648384
2025-10-29T20:51:59.653764,0.035458579659461975
2025-10-29T20:52:38.668607,0.03533457964658737
2025-10-29T20:53:19.108639,0.03441706299781799
2025-10-29T20:53:57.921408,0.03390083834528923
2025-10-29T20:54:38.125841,0.03331421688199043
2025-10-29T20:55:15.919310,0.03293568268418312
2025-10-29T20:55:55.679716,0.03210075572133064
2025-10-29T20:56:35.397553,0.03170226886868477
2025-10-29T20:57:15.182392,0.030964428558945656
2025-10-29T20:57:55.212920,0.030345000326633453
2025-10-29T20:58:32.911811,0.029731206595897675
2025-10-29T20:59:12.011371,0.02920202910900116
2025-10-29T20:59:51.238152,0.02885192446410656
2025-10-29T21:00:29.273447,0.028255583718419075
2025-10-29T21:01:07.996040,0.027690598741173744
2025-10-29T21:01:47.924625,0.027239467948675156
2025-10-29T21:02:27.075193,0.026790812611579895
2025-10-29T21:03:05.981778,0.026170998811721802
2025-10-29T21:03:45.873550,0.025738021358847618
2025-10-29T21:04:25.681332,0.025365639477968216
2025-10-29T21:05:04.934845,0.02471058815717697
2025-10-29T21:05:44.663779,0.024345334619283676
2025-10-29T21:06:23.912929,0.02391364797949791
2025-10-29T21:07:03.452655,0.023426547646522522
2025-10-29T21:07:42.703700,0.023167289793491364
2025-10-29T21:08:20.618982,0.022594936192035675
2025-10-29T21:09:00.921758,0.022333985194563866
2025-10-29T21:09:40.528331,0.02188725210726261
2025-10-29T21:10:20.381864,0.021516885608434677
2025-10-29T21:10:59.695920,0.02122817002236843
2025-10-29T21:11:39.871110,0.02068689651787281
2025-10-29T21:12:18.698898,0.0202302485704422
2025-10-29T21:12:56.135780,0.020054936408996582
2025-10-29T21:13:34.674419,0.019743844866752625
2025-10-29T21:14:14.021461,0.01940671168267727
2025-10-29T21:14:54.956785,0.01894417405128479
2025-10-29T21:15:35.370067,0.01856539212167263
2025-10-29T21:16:15.556064,0.01827462762594223
2025-10-29T21:16:55.996694,0.017908595502376556
2025-10-29T21:17:36.487250,0.017756585031747818
2025-10-29T21:18:18.892654,0.017468515783548355
2025-10-29T21:19:00.918863,0.016939513385295868
2025-10-29T21:19:41.601597,0.01658952236175537
2025-10-29T21:20:21.460083,0.016240715980529785
2025-10-29T21:21:00.469966,0.016194812953472137
2025-10-29T21:21:40.818403,0.015728455036878586
2025-10-29T21:22:21.683425,0.015778403729200363
2025-10-29T21:23:02.327876,0.015242772176861763
2025-10-29T21:23:42.956687,0.0149762574583292
2025-10-29T21:24:23.225325,0.014685266651213169
2025-10-29T21:25:04.655620,0.014551646076142788
2025-10-29T21:25:44.987807,0.014163474552333355
2025-10-29T21:26:25.923402,0.014020703732967377
2025-10-29T21:27:05.362033,0.013705453835427761
2025-10-29T21:27:44.865702,0.01351509615778923
2025-10-29T21:28:22.830789,0.01315262634307146
2025-10-29T21:29:02.801870,0.012939251959323883
2025-10-29T21:29:44.472311,0.012866396456956863
2025-10-29T21:30:24.751540,0.012531323358416557
2025-10-29T21:31:04.203482,0.012328852899372578
2025-10-29T21:31:44.945464,0.012179197743535042
2025-10-29T21:32:24.403585,0.011940835043787956
2025-10-29T21:33:04.385262,0.01167321391403675
2025-10-29T21:33:46.255976,0.011607691645622253
2025-10-29T21:34:26.070942,0.011442087590694427
2025-10-29T21:35:07.128174,0.011085035279393196
2025-10-29T21:35:46.066753,0.011040091514587402
2025-10-29T21:36:25.258720,0.010779349133372307
2025-10-29T21:37:05.441042,0.010648304596543312
2025-10-29T21:37:45.931670,0.010326875373721123
2025-10-29T21:38:25.834324,0.010086210444569588
2025-10-29T21:39:03.729867,0.010089999996125698
2025-10-29T21:39:45.114471,0.009841229766607285
2025-10-29T21:40:25.358333,0.009658752009272575
2025-10-29T21:41:04.422917,0.009570367634296417
2025-10-29T21:41:44.862346,0.009336119517683983
2025-10-29T21:42:25.331661,0.009163426235318184
2025-10-29T21:43:06.056083,0.009151419624686241
2025-10-29T21:43:48.009282,0.008912934921681881
2025-10-29T21:44:28.132333,0.008718266151845455
2025-10-29T21:45:06.582282,0.008542328141629696
2025-10-29T21:45:46.851513,0.008311118930578232
2025-10-29T21:46:25.383071,0.0081290602684021
2025-10-29T21:47:03.898334,0.008047548122704029
2025-10-29T21:47:43.856826,0.007957834750413895
2025-10-29T21:48:24.241422,0.007852085866034031
2025-10-29T21:49:04.510984,0.007591047324240208
2025-10-29T21:49:44.748970,0.007553452625870705
2025-10-29T21:50:25.517099,0.007349769584834576
2025-10-29T21:51:06.150215,0.007284762337803841
2025-10-29T21:51:46.558173,0.0071202428080141544
2025-10-29T21:52:25.207302,0.007051998749375343
2025-10-29T21:53:04.483594,0.006859717424958944
2025-10-29T21:53:44.756135,0.006849169731140137
2025-10-29T21:54:23.840081,0.006696637719869614
2025-10-29T21:55:04.083416,0.006501753814518452
2025-10-29T21:55:44.195101,0.006423705257475376
2025-10-29T21:56:23.630156,0.0064020222052931786
2025-10-29T21:57:02.961511,0.006329384166747332
2025-10-29T21:57:41.475234,0.006243410985916853
2025-10-29T21:58:21.352701,0.006085897795855999
2025-10-29T21:59:01.581500,0.005953027866780758
2025-10-29T21:59:40.814457,0.005937444046139717
2025-10-29T22:00:19.761336,0.005746766924858093
2025-10-29T22:00:58.770428,0.005682122893631458
2025-10-29T22:01:38.683623,0.005611537490040064
2025-10-29T22:02:19.412211,0.005503706634044647
2025-10-29T22:03:00.150705,0.0053781792521476746
2025-10-29T22:03:40.637051,0.005344507750123739
2025-10-29T22:04:21.036978,0.005194433964788914
2025-10-29T22:05:01.241642,0.005112039856612682
2025-10-29T22:05:41.749321,0.005023402627557516
2025-10-29T22:06:21.034695,0.004904175642877817
2025-10-29T22:07:02.138473,0.004839351866394281
2025-10-29T22:07:42.795273,0.004833480343222618
2025-10-29T22:08:25.006899,0.004657878540456295
2025-10-29T22:09:06.358358,0.004618209786713123
2025-10-29T22:09:46.564139,0.004575804807245731
2025-10-29T22:10:26.090274,0.004389709327369928
2025-10-29T22:11:06.185952,0.004430072382092476
2025-10-29T22:11:48.901787,0.0042632329277694225
2025-10-29T22:12:27.868605,0.0041893525049090385
2025-10-29T22:13:09.221585,0.0041436548344790936
2025-10-29T22:13:49.877555,0.004088640678673983
2025-10-29T22:14:29.990562,0.003982671070843935
2025-10-29T22:15:12.015110,0.0039697615429759026
2025-10-29T22:15:52.200981,0.003917510621249676
2025-10-29T22:16:31.612172,0.0037737623788416386
2025-10-29T22:17:12.758438,0.003720724955201149
2025-10-29T22:17:52.619909,0.00368083780631423
2025-10-29T22:18:32.993902,0.003579807933419943
2025-10-29T22:19:15.372528,0.0035771066322922707
2025-10-29T22:19:55.537452,0.0035012003500014544
2025-10-29T22:20:35.592304,0.0034589837305247784
2025-10-29T22:21:16.355263,0.0034493429120630026
2025-10-29T22:21:55.338163,0.0033536567352712154
2025-10-29T22:22:37.740265,0.003283731872215867
2025-10-29T22:23:17.303172,0.0031804959289729595
2025-10-29T22:23:58.042073,0.003167306073009968
2025-10-29T22:24:39.483518,0.0031100597698241472
2025-10-29T22:25:18.484487,0.003064496675506234
2025-10-29T22:25:57.686670,0.0029938507359474897
2025-10-29T22:26:38.272959,0.002949588466435671
2025-10-29T22:27:19.214867,0.0028926562517881393
2025-10-29T22:27:59.568460,0.0028424542397260666
2025-10-29T22:28:39.926884,0.002768484642729163
2025-10-29T22:29:19.071572,0.002763766795396805
2025-10-29T22:30:00.758016,0.002740976633504033
2025-10-29T22:30:43.666278,0.0027042077854275703
2025-10-29T22:31:24.801413,0.0025853714905679226
2025-10-29T22:32:06.630077,0.0025802613236010075
2025-10-29T22:32:48.524311,0.002527817850932479
2025-10-29T22:33:31.701132,0.002486670855432749
2025-10-29T22:34:10.682923,0.002415603259578347
2025-10-29T22:34:51.119598,0.002364209620282054
2025-10-29T22:35:32.409679,0.0023762830533087254
2025-10-29T22:36:11.426685,0.002256848383694887
2025-10-29T22:36:52.339702,0.0023074904456734657
2025-10-29T22:37:35.046706,0.002230949467048049
2025-10-29T22:38:15.263754,0.0021865973249077797
2025-10-29T22:38:56.053883,0.002150706946849823
2025-10-29T22:39:36.649893,0.002144412137567997
2025-10-29T22:40:16.847624,0.0020739410538226366
2025-10-29T22:40:57.398303,0.002115527167916298
2025-10-29T22:41:38.976652,0.002028641989454627
2025-10-29T22:42:21.333667,0.0019714662339538336
2025-10-29T22:43:02.918819,0.0019612929318100214
2025-10-29T22:43:43.639910,0.0019477613968774676
2025-10-29T22:44:21.221580,0.0018602940253913403
2025-10-29T22:45:00.954804,0.001865210011601448
2025-10-29T22:45:39.820718,0.001822642283514142
2025-10-29T22:46:22.354280,0.0018320516683161259
2025-10-29T22:47:01.497620,0.0017819954082369804
2025-10-29T22:47:41.804772,0.001733890501782298
2025-10-29T22:48:24.231892,0.001708020456135273
2025-10-29T22:49:04.603116,0.0017160219140350819
2025-10-29T22:49:43.650394,0.001663656672462821
2025-10-29T22:50:22.859056,0.0016425452195107937
2025-10-29T22:51:03.425639,0.001595060108229518
2025-10-29T22:51:44.437905,0.0015790705801919103
2025-10-29T22:52:26.323745,0.0015143472701311111
2025-10-29T22:53:06.788098,0.001551231136545539
2025-10-29T22:53:47.416186,0.0015015196986496449
2025-10-29T22:54:27.411195,0.0014677837025374174
2025-10-29T22:55:07.163646,0.0014380356296896935
2025-10-29T22:55:47.193199,0.0013995885383337736
2025-10-29T22:56:26.650724,0.0013748247874900699
2025-10-29T22:57:06.374308,0.0013451154809445143
2025-10-29T22:57:47.895264,0.0013227227609604597
2025-10-29T22:58:28.812424,0.0013568978756666183
2025-10-29T22:59:08.541973,0.0013076821342110634
2025-10-29T22:59:50.514655,0.0012561529874801636
2025-10-29T23:00:29.948920,0.001221858779899776
2025-10-29T23:01:10.941755,0.0012205820530653
2025-10-29T23:01:51.785413,0.001201715087518096
2025-10-29T23:02:32.312503,0.0011918310774490237
2025-10-29T23:03:12.251023,0.001143176108598709
2025-10-29T23:03:53.788242,0.0011478770757094026
2025-10-29T23:04:34.160565,0.001112581929191947
2025-10-29T23:05:16.578791,0.0011330029228702188
2025-10-29T23:05:59.393868,0.0010941254440695047
2025-10-29T23:06:40.779502,0.0010912477737292647
2025-10-29T23:07:22.457079,0.0010763853788375854
2025-10-29T23:08:03.744657,0.0010456200689077377
2025-10-29T23:08:47.448294,0.0010237775277346373
2025-10-29T23:09:28.190745,0.0010037198662757874
2025-10-29T23:10:09.531754,0.001032732194289565
2025-10-29T23:10:51.052664,0.0009956801077350974
2025-10-29T23:11:31.942823,0.0009598354808986187
2025-10-29T23:12:13.975892,0.0009357017115689814
2025-10-29T23:12:54.503459,0.000915585900656879
2025-10-29T23:13:34.617467,0.0009368453174829483
2025-10-29T23:14:15.284906,0.0009196462924592197
2025-10-29T23:14:58.043856,0.000895429402589798
2025-10-29T23:15:38.756710,0.0008825636468827724
2025-10-29T23:16:19.380243,0.0008468747837468982
2025-10-29T23:16:59.654520,0.0008252726984210312
2025-10-29T23:17:38.793632,0.0008237901492975652
2025-10-29T23:18:20.211453,0.0008258890593424439
2025-10-29T23:19:02.526050,0.0007971705636009574
2025-10-29T23:19:44.913836,0.0007798803271725774
2025-10-29T23:20:26.794930,0.0007745310431346297
2025-10-29T23:21:07.983149,0.000761034432798624
2025-10-29T23:21:49.454616,0.0007337600691244006
2025-10-29T23:22:33.734929,0.0007331965025514364
2025-10-29T23:23:15.159300,0.000723222503438592
2025-10-29T23:23:57.588399,0.0007003585924394429
2025-10-29T23:24:37.074981,0.0006962067564018071
2025-10-29T23:25:19.165935,0.0006758858216926455
2025-10-29T23:25:59.767296,0.0006625181995332241
2025-10-29T23:26:40.661892,0.0006466907216235995
2025-10-29T23:27:22.690522,0.0006588094402104616
2025-10-29T23:28:03.828778,0.0006381487473845482
2025-10-29T23:28:46.624697,0.0006214050226844847
2025-10-29T23:29:27.647227,0.0006392454961314797
2025-10-29T23:30:08.725502,0.0006010198267176747
2025-10-29T23:30:49.785843,0.000606427900493145
2025-10-29T23:31:31.555071,0.0005823948886245489
2025-10-29T23:32:13.247951,0.0005914862267673016
2025-10-29T23:32:53.285270,0.0005802758387289941
2025-10-29T23:33:33.077926,0.0005631947424262762
2025-10-29T23:34:13.853731,0.0005499196704477072
2025-10-29T23:34:54.125005,0.0005509412148967385
2025-10-29T23:35:36.756039,0.0005239015445113182
2025-10-29T23:36:16.529468,0.0005175413098186255
2025-10-29T23:36:56.964878,0.0005072177154943347
2025-10-29T23:37:40.318163,0.0004881480126641691
2025-10-29T23:38:21.749723,0.0004917031619697809
2025-10-29T23:39:04.173379,0.0004900454659946263
2025-10-29T23:39:45.014488,0.00046920962631702423
2025-10-29T23:40:27.208042,0.00046701892279088497
2025-10-29T23:41:06.963862,0.0004613233031705022
2025-10-29T23:41:47.478544,0.00046432233648374677
2025-10-29T23:42:28.531314,0.00044889526907354593
2025-10-29T23:43:11.260277,0.00044629868352785707
2025-10-29T23:43:53.775253,0.00043368840124458075
2025-10-29T23:44:34.199422,0.00042288954136893153
2025-10-29T23:45:15.388509,0.00041453156154602766
2025-10-29T23:45:56.661727,0.0004045433597639203
2025-10-29T23:46:37.100202,0.0003986605443060398
2025-10-29T23:47:16.970435,0.00039422852569259703
2025-10-29T23:47:56.642437,0.00039860757533460855
2025-10-29T23:48:38.532898,0.0003712292527779937
2025-10-29T23:49:18.046371,0.0003804744337685406
2025-10-29T23:49:59.196610,0.000378449447453022
2025-10-29T23:50:38.908228,0.00036272581201046705
2025-10-29T23:51:18.775297,0.00035038127680309117
2025-10-29T23:51:59.890232,0.00036911433562636375
2025-10-29T23:52:42.137087,0.0003636367036961019
2025-10-29T23:53:22.925997,0.0003510961541905999
2025-10-29T23:54:04.562796,0.00035110782482661307
2025-10-29T23:54:45.163364,0.0003262855752836913
2025-10-29T23:55:25.581438,0.0003207721165381372
2025-10-29T23:56:07.995295,0.00031902885530143976
2025-10-29T23:56:50.793871,0.00031715334625914693
2025-10-29T23:57:31.563282,0.0003125777584500611
2025-10-29T23:58:13.613935,0.0003006859915331006
2025-10-29T23:58:53.830431,0.00029623316368088126
2025-10-29T23:59:34.854323,0.0002986287872772664
2025-10-30T00:00:15.027376,0.0002859911182895303
2025-10-30T00:00:58.708232,0.000287948438199237
2025-10-30T00:01:37.441562,0.0002781223156489432
2025-10-30T00:02:17.557646,0.0002721416822168976
2025-10-30T00:02:57.965986,0.00027326602139510214
2025-10-30T00:03:38.799124,0.0002615403791423887
2025-10-30T00:04:20.212359,0.0002633947879076004
2025-10-30T00:05:02.036296,0.0002542721340432763
2025-10-30T00:05:42.907974,0.00024661736097186804
2025-10-30T00:06:24.735652,0.0002488807658664882
2025-10-30T00:07:06.714368,0.00024780078092589974
2025-10-30T00:07:46.013921,0.00023676325508859009
2025-10-30T00:08:27.700671,0.00023366769892163575
2025-10-30T00:09:10.208647,0.00022426113719120622
2025-10-30T00:09:50.255650,0.0002367923443671316
2025-10-30T00:10:33.710561,0.0002278864267282188
2025-10-30T00:11:15.726832,0.0002126066538039595
2025-10-30T00:11:57.412752,0.0002164029865525663
2025-10-30T00:12:38.317690,0.000209297621040605
2025-10-30T00:13:19.056782,0.0002066505840048194
2025-10-30T00:14:02.335059,0.00020266220963094383
2025-10-30T00:14:45.763832,0.00020539038814604282
2025-10-30T00:15:27.644655,0.00019750250794459134
2025-10-30T00:16:07.385519,0.00019313054508529603
2025-10-30T00:16:47.500434,0.00018835162336472422
2025-10-30T00:17:29.247317,0.00019130590953864157
2025-10-30T00:18:10.901944,0.00018767091387417167
2025-10-30T00:18:51.962174,0.0001817698939703405
2025-10-30T00:19:32.210809,0.0001805524661904201
2025-10-30T00:20:12.827954,0.0001790264213923365
2025-10-30T00:20:54.629213,0.00016460272308904678
2025-10-30T00:21:36.351995,0.00017594610108062625
2025-10-30T00:22:16.488053,0.00016910977137740701
2025-10-30T00:22:55.815740,0.00016469432739540935
2025-10-30T00:23:34.998972,0.00016599847003817558
2025-10-30T00:24:16.463869,0.00015759386587888002
2025-10-30T00:24:57.594275,0.0001611548796063289
2025-10-30T00:25:38.320182,0.00014984574227128178
2025-10-30T00:26:18.035067,0.00015148063539527357
2025-10-30T00:26:59.407556,0.00015067131607793272
2025-10-30T00:27:40.365696,0.00014976973761804402
2025-10-30T00:28:24.178509,0.0001437567116227001
2025-10-30T00:29:06.711104,0.00014043155533727258
2025-10-30T00:29:48.364907,0.00014126879977993667
2025-10-30T00:30:27.894262,0.00013314039097167552
2025-10-30T00:31:08.887627,0.00013560301158577204
2025-10-30T00:31:50.849896,0.00013598831719718874
2025-10-30T00:32:32.644488,0.00013319870049599558
2025-10-30T00:33:14.342106,0.00012451832299120724
2025-10-30T00:33:55.721756,0.00012230590800754726
2025-10-30T00:34:34.591728,0.000126511265989393
2025-10-30T00:35:17.617834,0.0001229179324582219
2025-10-30T00:35:59.272059,0.00011887364962603897
2025-10-30T00:36:39.568940,0.00011954962246818468
2025-10-30T00:37:20.265491,0.000116185394290369
2025-10-30T00:38:01.161667,0.00011587404878810048
2025-10-30T00:38:44.061829,0.00011394243483664468
2025-10-30T00:39:25.574806,0.00011014370829798281
2025-10-30T00:40:05.883233,0.00010540751100052148
2025-10-30T00:40:48.387441,0.00010430925613036379
2025-10-30T00:41:30.124175,0.00010526302503421903
2025-10-30T00:42:10.950763,0.00010131153976544738
2025-10-30T00:42:52.019091,0.00010011416452471167
2025-10-30T00:43:33.553701,9.889689681585878e-05
2025-10-30T00:44:14.353684,9.886539191938937e-05
2025-10-30T00:44:53.773693,9.889525244943798e-05
2025-10-30T00:45:34.760659,9.418712579645216e-05
2025-10-30T00:46:14.629288,9.606148523744196e-05
2025-10-30T00:46:56.316148,8.873284969013184e-05
2025-10-30T00:47:37.585968,9.059389412868768e-05
2025-10-30T00:48:17.930389,8.521091513102874e-05
2025-10-30T00:49:00.409918,8.712637645658106e-05
2025-10-30T00:49:43.317871,8.671105752000585e-05
2025-10-30T00:50:25.421051,8.486312435707077e-05
2025-10-30T00:51:08.307935,8.269089448731393e-05
2025-10-30T00:51:50.249388,8.330295531777665e-05
2025-10-30T00:52:33.112869,8.01376299932599e-05
2025-10-30T00:53:14.938663,7.93339277151972e-05
2025-10-30T00:53:56.375747,7.594937778776512e-05
2025-10-30T00:54:37.768985,7.42752745281905e-05
2025-10-30T00:55:17.835008,7.449901750078425e-05
2025-10-30T00:56:01.345372,7.229650509543717e-05
2025-10-30T00:56:43.072601,7.151303725549951e-05
2025-10-30T00:57:25.019435,7.153399928938597e-05
2025-10-30T00:58:06.739207,6.893296085763723e-05
2025-10-30T00:58:48.159652,6.914078403497115e-05
2025-10-30T00:59:29.860403,6.842627772130072e-05
2025-10-30T01:00:11.592196,6.642860535066575e-05
2025-10-30T01:00:52.729973,6.474112888099626e-05
2025-10-30T01:01:32.272927,6.416204269044101e-05
2025-10-30T01:02:14.481691,6.561339250765741e-05
2025-10-30T01:02:56.238298,6.0357175243552774e-05
2025-10-30T01:03:37.690161,6.04354208917357e-05
2025-10-30T01:04:18.544480,6.223343370947987e-05
2025-10-30T01:05:01.311827,6.117459270171821e-05
2025-10-30T01:05:44.636583,5.7707140513230115e-05
2025-10-30T01:06:26.775663,5.731319106416777e-05
2025-10-30T01:07:08.738512,5.562466321862303e-05
2025-10-30T01:07:50.570548,5.654732376569882e-05
2025-10-30T01:08:34.130401,5.422327740234323e-05
2025-10-30T01:09:15.553240,5.377578781917691e-05
2025-10-30T01:09:56.564224,5.2287476137280464e-05
2025-10-30T01:10:38.340468,5.057750968262553e-05
2025-10-30T01:11:19.083772,4.9684924306347966e-05
2025-10-30T01:12:00.695930,4.812936094822362e-05
2025-10-30T01:12:40.046895,4.832494232687168e-05
2025-10-30T01:13:20.476326,4.787836587638594e-05
2025-10-30T01:14:03.849928,4.722242374555208e-05
2025-10-30T01:14:46.504830,4.6874301915522665e-05
2025-10-30T01:15:28.942967,4.515589898801409e-05
2025-10-30T01:16:08.841947,4.493675078265369e-05
2025-10-30T01:16:49.298003,4.508343045017682e-05
2025-10-30T01:17:31.333728,4.3151259887963533e-05
2025-10-30T01:18:13.628463,4.173316847300157e-05
2025-10-30T01:18:54.595803,4.107689528609626e-05
2025-10-30T01:19:37.458725,4.184105637250468e-05
2025-10-30T01:20:21.029964,3.921949246432632e-05
2025-10-30T01:21:01.859287,4.0184157114708796e-05
2025-10-30T01:21:43.939422,3.8990525354165584e-05
2025-10-30T01:22:26.679243,3.877069320878945e-05
2025-10-30T01:23:08.231011,3.846719118882902e-05
2025-10-30T01:23:49.882983,3.581569762900472e-05
2025-10-30T01:24:32.914814,3.6383826227393e-05
2025-10-30T01:25:13.896145,3.54798357875552e-05
2025-10-30T01:25:54.954684,3.5418001061771065e-05
2025-10-30T01:26:36.060587,3.536823351169005e-05
2025-10-30T01:27:16.943046,3.306214784970507e-05
2025-10-30T01:27:59.255779,3.465260306256823e-05
2025-10-30T01:28:41.772704,3.426806506467983e-05
2025-10-30T01:29:23.436348,3.3282023650826886e-05
2025-10-30T01:30:05.609977,3.205340908607468e-05
2025-10-30T01:30:46.941689,3.07423179037869e-05
2025-10-30T01:31:30.602650,3.005298276548274e-05
2025-10-30T01:32:13.108521,2.968964327010326e-05
2025-10-30T01:32:55.066896,3.066955105168745e-05
2025-10-30T01:33:37.318325,2.9006168915657327e-05
2025-10-30T01:34:19.559869,2.838746877387166e-05
2025-10-30T01:35:01.543971,2.814016625052318e-05
2025-10-30T01:35:44.616762,2.785946344374679e-05
2025-10-30T01:36:27.581800,2.771583604044281e-05
2025-10-30T01:37:09.176082,2.7141206373926252e-05
2025-10-30T01:37:50.803161,2.720691918511875e-05
2025-10-30T01:38:31.977848,2.626496643642895e-05
2025-10-30T01:39:14.501873,2.485650111339055e-05
2025-10-30T01:39:55.456774,2.564599344623275e-05
2025-10-30T01:40:36.396862,2.5465275030001067e-05
2025-10-30T01:41:17.820919,2.4640530682518147e-05
2025-10-30T01:41:59.048664,2.4791785108391196e-05
2025-10-30T01:42:40.823341,2.5803514290601015e-05
2025-10-30T01:43:21.730120,2.367528941249475e-05
2025-10-30T01:44:03.569197,2.303870496689342e-05
2025-10-30T01:44:47.557387,2.2710903067491017e-05
2025-10-30T01:45:29.455874,2.1880910935578868e-05
2025-10-30T01:46:11.070671,2.3045062334858812e-05
2025-10-30T01:46:52.726688,2.1355812350520864e-05
2025-10-30T01:47:34.598732,2.040288018179126e-05
2025-10-30T01:48:16.991043,2.1223651856416836e-05
2025-10-30T01:48:59.860676,1.9582337699830532e-05
2025-10-30T01:49:42.470462,2.0313695131335407e-05
2025-10-30T01:50:23.830201,1.8868093320634216e-05
2025-10-30T01:51:06.303763,1.9303832232253626e-05
2025-10-30T01:51:50.682483,1.876726673799567e-05
2025-10-30T01:52:33.817124,1.96842011064291e-05
2025-10-30T01:53:16.493499,1.7563841538503766e-05
2025-10-30T01:53:58.716458,1.7886066416394897e-05
2025-10-30T01:54:39.840961,1.7800201021600515e-05
2025-10-30T01:55:20.992757,1.713305573503021e-05
2025-10-30T01:56:04.700961,1.7209416910191067e-05
2025-10-30T01:56:45.357619,1.602717566129286e-05
2025-10-30T01:57:27.351838,1.6523154044989496e-05
2025-10-30T01:58:10.499667,1.635252556297928e-05
2025-10-30T01:58:52.502418,1.5995256035239436e-05
2025-10-30T01:59:36.804917,1.5518226064159535e-05
2025-10-30T02:00:18.190715,1.5510286175413057e-05
2025-10-30T02:00:59.521485,1.5767969671287574e-05
2025-10-30T02:01:42.993781,1.4913348422851413e-05
2025-10-30T02:02:24.368977,1.4220965567801613e-05
2025-10-30T02:03:04.925434,1.4020593880559318e-05
2025-10-30T02:03:47.035737,1.3945604223408736e-05
2025-10-30T02:04:28.583909,1.3994555047247559e-05
2025-10-30T02:05:11.723159,1.35426835186081e-05
2025-10-30T02:05:52.601216,1.3644910723087378e-05
2025-10-30T02:06:35.545036,1.2614375009434298e-05
2025-10-30T02:07:17.315657,1.3004206266487017e-05
2025-10-30T02:08:00.657811,1.2873771993326955e-05
2025-10-30T02:08:43.068971,1.2895183317596093e-05
2025-10-30T02:09:25.513539,1.2522754332167096e-05
2025-10-30T02:10:09.019048,1.2086296919733286e-05
2025-10-30T02:10:50.079942,1.1856945093313698e-05
2025-10-30T02:11:31.499426,1.2485346815083176e-05
2025-10-30T02:12:14.511642,1.1647991414065473e-05
2025-10-30T02:12:57.679607,1.2036777661705855e-05
2025-10-30T02:13:38.980898,1.1680960597004741e-05
2025-10-30T02:14:19.044178,1.0950631804007571e-05
2025-10-30T02:15:02.165835,1.0580205525911879e-05
2025-10-30T02:15:44.849910,1.0739864592324011e-05
2025-10-30T02:16:27.023310,1.0432529961690307e-05
2025-10-30T02:17:10.136527,1.0152493814530317e-05
2025-10-30T02:17:54.375208,1.006059301289497e-05
2025-10-30T02:18:36.718929,1.0239886250928976e-05
2025-10-30T02:19:18.894061,9.809103175939526e-06
2025-10-30T02:20:01.889034,9.735345884109847e-06
2025-10-30T02:20:44.422104,9.359086106996983e-06
2025-10-30T02:21:24.222018,1.006786715151975e-05
2025-10-30T02:22:06.630432,9.326703548140358e-06
2025-10-30T02:22:46.112239,8.560149581171572e-06
2025-10-30T02:23:28.057866,8.850378435454331e-06
2025-10-30T02:24:07.954222,9.208251867676154e-06
2025-10-30T02:24:49.145138,8.471763067063875e-06
2025-10-30T02:25:31.983392,8.1664438766893e-06
2025-10-30T02:26:13.255104,8.418610377702862e-06
2025-10-30T02:26:55.324974,8.28151769383112e-06
2025-10-30T02:27:36.383382,8.361757863895036e-06
2025-10-30T02:28:16.705719,7.473468031093944e-06
2025-10-30T02:28:58.313874,7.746001756459009e-06
2025-10-30T02:29:40.324797,7.63383741286816e-06
2025-10-30T02:30:23.399522,7.563661711174063e-06
2025-10-30T02:31:06.244466,7.756409104331397e-06
2025-10-30T02:31:48.488397,7.501278105337406e-06
2025-10-30T02:32:31.616620,7.251615897985175e-06
2025-10-30T02:33:15.332371,7.044293852231931e-06
2025-10-30T02:33:56.933985,7.014562015683623e-06
2025-10-30T02:34:38.877488,6.909106105013052e-06
2025-10-30T02:35:22.354747,6.7316886998014525e-06
2025-10-30T02:36:05.428966,6.8564304456231184e-06
2025-10-30T02:36:48.059785,6.512533218483441e-06
2025-10-30T02:37:29.308586,6.325182766886428e-06
2025-10-30T02:38:10.629469,6.249675607250538e-06
2025-10-30T02:38:52.947961,5.991303623886779e-06
2025-10-30T02:39:35.123699,6.0052116168662906e-06
2025-10-30T02:40:17.072881,5.849030458193738e-06
2025-10-30T02:40:59.215842,5.630696250591427e-06
2025-10-30T02:41:40.901732,6.0205284171388485e-06
2025-10-30T02:42:23.002352,5.646907084155828e-06
2025-10-30T02:43:04.518630,5.2604191296268255e-06
2025-10-30T02:43:45.173999,5.274388058751356e-06
2025-10-30T02:44:27.146350,5.347545538825216e-06
2025-10-30T02:45:09.660941,5.1371152949286625e-06
2025-10-30T02:45:50.874314,4.818763954972383e-06
2025-10-30T02:46:31.513650,4.996932148060296e-06
2025-10-30T02:47:12.386222,5.143436283105984e-06
2025-10-30T02:47:57.736953,5.056794634583639e-06
2025-10-30T02:48:40.725976,5.178275387152098e-06
2025-10-30T02:49:23.272339,4.735587026516441e-06
2025-10-30T02:50:05.166888,4.411831469042227e-06
2025-10-30T02:50:48.160653,4.7228049879777245e-06
2025-10-30T02:51:29.692627,4.667060693464009e-06
2025-10-30T02:52:12.719886,4.46200374426553e-06
2025-10-30T02:52:56.726243,4.483053999138065e-06
2025-10-30T02:53:40.437997,4.51338473794749e-06
2025-10-30T02:54:24.106690,3.882008968503214e-06
2025-10-30T02:55:07.495155,3.961423772125272e-06
2025-10-30T02:55:51.297829,4.0769273255136795e-06
2025-10-30T02:56:34.660893,4.160785465501249e-06
2025-10-30T02:57:17.273742,3.921692950825673e-06
2025-10-30T02:58:01.880085,3.890941115969326e-06
2025-10-30T02:58:45.878439,3.7264790080371313e-06
2025-10-30T02:59:28.826992,3.5162045151082566e-06
2025-10-30T03:00:11.463823,3.466287125775125e-06
2025-10-30T03:00:54.407535,3.93665050069103e-06
2025-10-30T03:01:38.720171,3.6961332625651266e-06
2025-10-30T03:02:21.077278,3.422186409807182e-06
2025-10-30T03:03:02.997878,3.4094769034709316e-06
2025-10-30T03:03:45.758997,3.4387244340905454e-06
2025-10-30T03:04:27.596599,3.522793122101575e-06
2025-10-30T03:05:09.880396,3.301788638054859e-06
2025-10-30T03:05:54.217374,3.3910578167706262e-06
2025-10-30T03:06:35.992293,3.152714725729311e-06
2025-10-30T03:07:19.037062,3.00313649859163e-06
2025-10-30T03:08:03.669062,3.150128804918495e-06
2025-10-30T03:08:48.163374,2.942858827736927e-06
2025-10-30T03:09:32.005121,2.9187094696681015e-06
2025-10-30T03:10:13.711629,2.780650675049401e-06
2025-10-30T03:10:57.020099,2.895613306463929e-06
2025-10-30T03:11:39.508143,2.93127186523634e-06
2025-10-30T03:12:21.302738,2.920408633144689e-06
2025-10-30T03:13:03.646936,2.7533471893548267e-06
2025-10-30T03:13:44.182973,2.736685019044671e-06
2025-10-30T03:14:26.356204,2.491182613084675e-06
2025-10-30T03:15:10.130246,2.6947368496621493e-06
2025-10-30T03:15:52.042566,2.616229721752461e-06
2025-10-30T03:16:33.581463,2.504857548046857e-06
2025-10-30T03:17:15.478805,2.59805142377445e-06
2025-10-30T03:17:58.625403,2.410548404441215e-06
2025-10-30T03:18:40.247523,2.3318452804232948e-06
2025-10-30T03:19:23.398317,2.335683575438452e-06
2025-10-30T03:20:05.532651,2.2865469873067923e-06
2025-10-30T03:20:47.608754,2.2852527763461694e-06
2025-10-30T03:21:29.307612,2.214899495811551e-06
2025-10-30T03:22:13.068140,2.2187252852745587e-06
2025-10-30T03:22:55.794825,2.1129146716702962e-06
2025-10-30T03:23:37.175020,2.1793887299281778e-06
2025-10-30T03:24:19.759999,2.110935383825563e-06
2025-10-30T03:25:02.064158,1.9879012143064756e-06
2025-10-30T03:25:44.210563,2.0191375824651914e-06
2025-10-30T03:26:27.408732,2.049068370979512e-06
2025-10-30T03:27:11.257360,1.904468717839336e-06
2025-10-30T03:27:53.530019,1.8763016669254284e-06
2025-10-30T03:28:35.498159,1.9162589524057694e-06
2025-10-30T03:29:17.377099,1.874177883109951e-06
2025-10-30T03:29:59.925096,1.8132121795133571e-06
2025-10-30T03:30:41.842746,1.6106372413560166e-06
2025-10-30T03:31:23.466074,1.560996679472737e-06
2025-10-30T03:32:07.475160,1.6231455219894997e-06
2025-10-30T03:32:50.948683,1.5667901607230306e-06
2025-10-30T03:33:32.766371,1.5639127468602965e-06
2025-10-30T03:34:15.318247,1.5941047877277015e-06
2025-10-30T03:34:57.232922,1.581015567353461e-06
2025-10-30T03:35:40.232653,1.530470171928755e-06
2025-10-30T03:36:23.294917,1.586322468938306e-06
2025-10-30T03:37:07.566635,1.3953961115475977e-06
2025-10-30T03:37:50.256587,1.460006387787871e-06
2025-10-30T03:38:34.368998,1.4914566008883412e-06
2025-10-30T03:39:16.139941,1.597075993231556e-06
2025-10-30T03:39:59.803957,1.4762441651328118e-06
2025-10-30T03:40:42.478907,1.4876302429911448e-06
2025-10-30T03:41:25.362707,1.4058396118343808e-06
2025-10-30T03:42:06.284338,1.4350536048368667e-06
2025-10-30T03:42:48.743100,1.2795989050573553e-06
2025-10-30T03:43:30.604544,1.3588878573500551e-06
2025-10-30T03:44:12.946593,1.2706977940979414e-06
2025-10-30T03:44:59.125107,1.2756704563798849e-06
2025-10-30T03:45:41.765572,1.25267320072453e-06
2025-10-30T03:46:24.333781,1.2226450962771196e-06
2025-10-30T03:47:06.857695,1.2049936231051106e-06
2025-10-30T03:47:46.919834,1.124254026763083e-06
2025-10-30T03:48:30.156380,1.214418489325908e-06
2025-10-30T03:49:13.827411,1.18974980978237e-06
2025-10-30T03:49:55.341203,1.1154510275446228e-06
2025-10-30T03:50:38.458716,1.1355892866049544e-06
2025-10-30T03:51:22.144035,1.0985172593791503e-06
2025-10-30T03:52:06.183385,1.1273983773207874e-06
2025-10-30T03:52:48.424971,1.1661277312668972e-06
2025-10-30T03:53:31.294363,1.100179133572965e-06
2025-10-30T03:54:14.224394,1.0376852515037172e-06
2025-10-30T03:54:56.005184,1.0762324791357969e-06
2025-10-30T03:55:38.420301,9.623713594919536e-07
2025-10-30T03:56:19.109652,1.0243977612844901e-06
2025-10-30T03:56:59.342646,9.512690439805738e-07
2025-10-30T03:57:41.548171,8.936651738622459e-07
2025-10-30T03:58:23.583717,9.247111165677779e-07
2025-10-30T03:59:05.822024,9.263584388463642e-07
2025-10-30T03:59:48.031882,8.328008220814809e-07
2025-10-30T04:00:31.031210,8.67738606302737e-07
2025-10-30T04:01:13.017231,8.387426078115823e-07
2025-10-30T04:01:55.486239,8.665560926601756e-07
2025-10-30T04:02:39.329145,8.813516387817799e-07
2025-10-30T04:03:22.007006,7.801451147315674e-07
2025-10-30T04:04:04.424598,8.420378208029433e-07
2025-10-30T04:04:48.428730,8.320070605805086e-07
2025-10-30T04:05:32.792782,7.936010320008791e-07
2025-10-30T04:06:16.584594,7.616788479936076e-07
2025-10-30T04:06:59.224339,7.966044677232276e-07
2025-10-30T04:07:40.989523,7.85624138188723e-07
2025-10-30T04:08:22.528559,7.658942990929063e-07
2025-10-30T04:09:02.326902,7.378413329206523e-07
2025-10-30T04:09:44.475347,6.538158459079568e-07
2025-10-30T04:10:25.671760,6.813124286964012e-07
2025-10-30T04:11:08.379055,6.951017326173314e-07
2025-10-30T04:11:51.423902,6.87150304656825e-07
2025-10-30T04:12:35.848479,6.565445573869511e-07
2025-10-30T04:13:19.121698,6.636062153120292e-07
2025-10-30T04:14:00.807487,6.865233217467903e-07
2025-10-30T04:14:44.565900,6.906703902131994e-07
2025-10-30T04:15:27.455747,6.54662756005564e-07
2025-10-30T04:16:11.772200,5.819379111926537e-07
2025-10-30T04:16:55.164729,6.294203558354639e-07
2025-10-30T04:17:35.956029,6.518235977637232e-07
2025-10-30T04:18:18.193382,5.837849244016979e-07
2025-10-30T04:19:00.634116,5.845665782544529e-07
2025-10-30T04:19:41.681078,6.153783829176973e-07
2025-10-30T04:20:23.172916,5.179791742193629e-07
2025-10-30T04:21:08.313224,5.660531883222575e-07
2025-10-30T04:21:52.366152,5.264582227937353e-07
2025-10-30T04:22:35.994930,5.446809154818766e-07
2025-10-30T04:23:19.295382,4.971658427166403e-07
2025-10-30T04:24:01.935260,4.987051056559721e-07
2025-10-30T04:24:42.467319,4.7455984031330445e-07
2025-10-30T04:25:25.470983,4.894732228422072e-07
2025-10-30T04:26:08.566792,4.832901367990416e-07
2025-10-30T04:26:50.696920,4.943229896525736e-07
2025-10-30T04:27:32.621341,4.794211463376996e-07
2025-10-30T04:28:17.609707,4.90310071654676e-07
2025-10-30T04:29:01.764538,4.657573242639046e-07
2025-10-30T04:29:46.843864,4.5229444367578253e-07
2025-10-30T04:30:29.843446,4.498407406572369e-07
2025-10-30T04:31:15.070654,3.9066691215339233e-07
2025-10-30T04:31:58.811409,4.161249762546504e-07
2025-10-30T04:32:42.847502,4.082396571902791e-07
2025-10-30T04:33:24.236821,4.019193511339836e-07
2025-10-30T04:34:06.458106,3.834630319943244e-07
2025-10-30T04:34:48.983287,3.750859036699694e-07
2025-10-30T04:35:29.461973,3.734298843482975e-07
2025-10-30T04:36:12.888656,3.4605494647621526e-07
2025-10-30T04:36:55.006487,3.574029960873304e-07
2025-10-30T04:37:36.695713,3.5296778833071585e-07
2025-10-30T04:38:20.047567,3.85658665891242e-07
2025-10-30T04:39:02.092491,3.822151484200731e-07
2025-10-30T04:39:44.585125,3.5492655570124043e-07
2025-10-30T04:40:27.544605,3.516486515309225e-07
2025-10-30T04:41:11.383522,3.4007268823188497e-07
2025-10-30T04:41:55.563660,3.405352515528648e-07
2025-10-30T04:42:37.299651,3.2669919391992153e-07
2025-10-30T04:43:20.691476,3.3108915431512287e-07
2025-10-30T04:44:03.106724,3.17429964979965e-07
2025-10-30T04:44:45.473126,3.2237511504717986e-07
2025-10-30T04:45:28.044508,3.655518412415404e-07
2025-10-30T04:46:11.878706,3.243980586375983e-07
2025-10-30T04:46:54.274724,2.7757278076023795e-07
2025-10-30T04:47:36.014215,2.945837138668139e-07
2025-10-30T04:48:18.128066,2.75648062597611e-07
2025-10-30T04:48:59.959323,2.749287659753463e-07
2025-10-30T04:49:44.111661,2.9439621584970155e-07
2025-10-30T04:50:27.540612,2.7287765647088236e-07
2025-10-30T04:51:11.941392,2.597233788037556e-07
2025-10-30T04:51:52.038219,2.653316073519818e-07
2025-10-30T04:52:35.654885,2.6022669885605865e-07
2025-10-30T04:53:19.303402,2.6639509087544866e-07
2025-10-30T04:54:03.409590,2.6103379013875383e-07
2025-10-30T04:54:45.482621,2.5020972316269763e-07
2025-10-30T04:55:28.197759,2.5578145823601517e-07
2025-10-30T04:56:08.945408,2.4555964728278923e-07
2025-10-30T04:56:50.438320,2.2978071001489297e-07
2025-10-30T04:57:30.365339,2.5065472186724946e-07
2025-10-30T04:58:12.458326,2.240016954146995e-07
2025-10-30T04:58:55.972318,2.2167540691953036e-07
2025-10-30T04:59:40.532945,2.249928741093754e-07
2025-10-30T05:00:24.069175,2.2755392592443968e-07
2025-10-30T05:01:08.017237,2.1080910528326058e-07
2025-10-30T05:01:51.423506,2.094081423820171e-07
2025-10-30T05:02:33.447860,1.9986944721495092e-07
2025-10-30T05:03:16.379925,1.9572775045162416e-07
2025-10-30T05:03:58.259994,1.9482099844481127e-07
2025-10-30T05:04:40.519714,1.9705908016476315e-07
2025-10-30T05:05:23.163128,2.028710639478959e-07
2025-10-30T05:06:04.660524,1.9249661420417397e-07
2025-10-30T05:06:48.132825,1.8401112811261555e-07
2025-10-30T05:07:31.761717,1.7286885167777655e-07
2025-10-30T05:08:14.956168,1.8638964149886306e-07
2025-10-30T05:08:57.252935,1.6766983890192932e-07
2025-10-30T05:09:40.474054,1.78669523620556e-07
2025-10-30T05:10:23.243468,1.7461093193560373e-07
2025-10-30T05:11:05.538787,1.619756488935309e-07
2025-10-30T05:11:47.860533,1.6655822321354208e-07
2025-10-30T05:12:31.825213,1.8218197794794833e-07
2025-10-30T05:13:13.920941,1.7314039268967463e-07
2025-10-30T05:13:56.071194,1.51395667558063e-07
2025-10-30T05:14:38.455798,1.602723500582215e-07
2025-10-30T05:15:21.949433,1.6683050318988535e-07
2025-10-30T05:16:05.684024,1.6255893342531635e-07
2025-10-30T05:16:48.513253,1.5032125588732015e-07
2025-10-30T05:17:33.275323,1.4567771700058074e-07
2025-10-30T05:18:16.890734,1.378597573875595e-07
2025-10-30T05:18:58.609299,1.3678783261639182e-07
2025-10-30T05:19:42.560429,1.4790582270052255e-07
2025-10-30T05:20:26.364598,1.4478527532446606e-07
2025-10-30T05:21:09.106800,1.3869268400412693e-07
2025-10-30T05:21:52.154565,1.3525685460535897e-07
2025-10-30T05:22:34.835835,1.2884422062597878e-07
2025-10-30T05:23:18.397147,1.2727336695661506e-07
2025-10-30T05:24:01.874188,1.4062129594094586e-07
2025-10-30T05:24:45.801649,1.1860401372132401e-07
2025-10-30T05:25:27.476868,1.320312605912477e-07
2025-10-30T05:26:09.544030,1.2000077731499914e-07
2025-10-30T05:26:51.326198,1.160958902346465e-07
2025-10-30T05:27:32.942548,1.1521478882059455e-07
2025-10-30T05:28:13.638058,1.1234521224423588e-07
2025-10-30T05:28:58.405238,1.1804321076169799e-07
2025-10-30T05:29:41.076066,1.0204986722328613e-07
2025-10-30T05:30:24.488099,1.1305185410037666e-07
2025-10-30T05:31:08.282497,1.161810416761e-07
2025-10-30T05:31:50.565099,1.1387894716108349e-07
2025-10-30T05:32:33.439924,1.1573108338325255e-07
2025-10-30T05:33:15.352347,9.675891021743155e-08
2025-10-30T05:33:58.844338,1.0389652516096248e-07
2025-10-30T05:34:41.084741,1.0139176964685248e-07
2025-10-30T05:35:27.669729,9.912044163229439e-08
2025-10-30T05:36:09.960977,9.691461855254602e-08
2025-10-30T05:36:53.292606,9.299800751705334e-08
2025-10-30T05:37:35.172351,9.866415950909868e-08
2025-10-30T05:38:17.311194,8.779646520906681e-08
2025-10-30T05:39:01.709161,8.711434418273711e-08
2025-10-30T05:39:46.411537,8.80162218663827e-08
2025-10-30T05:40:28.227339,9.08161936763463e-08
2025-10-30T05:41:10.077000,9.17039244541229e-08
2025-10-30T05:41:52.988647,8.3033640407848e-08
2025-10-30T05:42:36.462584,7.834194803990613e-08
2025-10-30T05:43:21.250100,8.027237186070124e-08
2025-10-30T05:44:04.646669,7.771065213546535e-08
2025-10-30T05:44:46.339879,7.503597032609832e-08
2025-10-30T05:45:30.762756,8.103421578198322e-08
2025-10-30T05:46:14.287743,7.769963872306107e-08
2025-10-30T05:46:57.360636,7.602596951983287e-08
2025-10-30T05:47:40.485784,7.336770835308926e-08
2025-10-30T05:48:23.738967,7.463518159056548e-08
2025-10-30T05:49:06.051067,7.369762755615739e-08
2025-10-30T05:49:48.991883,6.821412057433918e-08
2025-10-30T05:50:31.152326,8.221573466471455e-08
2025-10-30T05:51:14.947147,6.817619890853166e-08
2025-10-30T05:51:58.058070,6.201652524850942e-08
2025-10-30T05:52:38.945662,7.041079186365096e-08
2025-10-30T05:53:22.234528,6.7049235497052e-08
2025-10-30T05:54:06.233810,6.708908983910078e-08
2025-10-30T05:54:49.953727,6.136041008630855e-08
2025-10-30T05:55:33.359170,5.886941778499022e-08
2025-10-30T05:56:15.868366,5.89660338334852e-08
2025-10-30T05:56:58.534749,5.992733065340872e-08
2025-10-30T05:57:42.421597,6.461199575369392e-08
2025-10-30T05:58:26.386762,6.138564145885539e-08
2025-10-30T05:59:09.195185,6.223649506864604e-08
2025-10-30T05:59:51.524692,5.710804629188715e-08
2025-10-30T06:00:35.594648,5.8669026969937477e-08
2025-10-30T06:01:16.749507,5.528231383777893e-08
2025-10-30T06:01:58.892139,5.2515268578190444e-08
2025-10-30T06:02:40.339015,5.368973177155567e-08
2025-10-30T06:03:25.195224,4.833798072922946e-08
2025-10-30T06:04:08.114268,4.995323621415082e-08
2025-10-30T06:04:50.157724,5.1388525434958865e-08
2025-10-30T06:05:32.662469,4.867425928978264e-08
2025-10-30T06:06:15.089214,5.194596042201738e-08
2025-10-30T06:06:58.228451,5.4700887375247476e-08
2025-10-30T06:07:42.558634,4.774989292855025e-08
2025-10-30T06:08:25.426028,5.5243997820753066e-08
2025-10-30T06:09:09.088181,4.873212944289662e-08
2025-10-30T06:09:51.704534,4.306179590685133e-08
2025-10-30T06:10:34.316499,4.120339269775286e-08
2025-10-30T06:11:17.393766,4.538968667588961e-08
2025-10-30T06:11:59.685222,5.364928057360885e-08
2025-10-30T06:12:41.148330,4.389428198692258e-08
2025-10-30T06:13:22.755337,4.4519563147105146e-08
2025-10-30T06:14:07.302558,4.1548165796712055e-08
2025-10-30T06:14:49.296744,4.042653500846427e-08
2025-10-30T06:15:31.752214,4.164663636174737e-08
2025-10-30T06:16:14.136562,4.54947972627906e-08
2025-10-30T06:16:57.000465,3.735213383038172e-08
2025-10-30T06:17:38.843569,3.6614114407029774e-08
2025-10-30T06:18:20.573881,3.705818940602512e-08
2025-10-30T06:19:03.065979,3.798750469741208e-08
2025-10-30T06:19:45.562003,3.484538879661159e-08
2025-10-30T06:20:27.106421,3.391915370798415e-08
2025-10-30T06:21:11.648548,3.2366429536523356e-08
2025-10-30T06:21:54.432176,3.189736119679765e-08
2025-10-30T06:22:36.222533,3.469583731430248e-08
2025-10-30T06:23:18.856356,3.4732998699382733e-08
2025-10-30T06:24:02.160842,3.5051748170644714e-08
2025-10-30T06:24:43.923618,3.679367210907003e-08
2025-10-30T06:25:25.967551,3.3034481816685e-08
2025-10-30T06:26:09.024861,3.3468971594174945e-08
2025-10-30T06:26:52.500634,3.1481050655202125e-08
2025-10-30T06:27:36.042395,3.184369035125201e-08
2025-10-30T06:28:21.696031,3.397192926968273e-08
2025-10-30T06:29:05.371613,3.294029937706e-08
2025-10-30T06:29:49.361311,3.238744739064714e-08
2025-10-30T06:30:32.663874,3.218475796984421e-08
2025-10-30T06:31:15.720785,3.034929463296976e-08
2025-10-30T06:31:59.240645,2.8795701823014497e-08
2025-10-30T06:32:41.580277,3.450903562907115e-08
2025-10-30T06:33:22.844933,2.8127253415277664e-08
2025-10-30T06:34:04.162245,2.777051477664827e-08
2025-10-30T06:34:46.489046,2.5304096595846204e-08
2025-10-30T06:35:29.131817,2.6479911596766215e-08
2025-10-30T06:36:14.058677,2.6197414015882714e-08
2025-10-30T06:36:56.392770,2.680457455994656e-08
2025-10-30T06:37:39.186471,2.72686939695177e-08
2025-10-30T06:38:21.503170,2.5065018505188164e-08
2025-10-30T06:39:04.496922,2.3650441605127526e-08
2025-10-30T06:39:48.074018,2.428037859658616e-08
2025-10-30T06:40:31.168558,2.4322030611756418e-08
2025-10-30T06:41:13.184863,3.0966852193614613e-08
2025-10-30T06:41:56.401040,2.252478026321114e-08
2025-10-30T06:42:39.466930,2.5769761435867622e-08
2025-10-30T06:43:22.644424,2.3103694957171683e-08
2025-10-30T06:44:03.937574,2.3365361201399537e-08
2025-10-30T06:44:45.496547,2.050300906830671e-08
2025-10-30T06:45:28.113888,2.1845885100901796e-08
2025-10-30T06:46:10.619376,1.9321497291002743e-08
2025-10-30T06:46:53.420950,1.9273928231200443e-08
2025-10-30T06:47:34.892776,2.063863391299492e-08
2025-10-30T06:48:18.486396,2.1022298568595943e-08
2025-10-30T06:49:01.704805,2.1880017797570872e-08
2025-10-30T06:49:44.045240,1.997491949623509e-08
2025-10-30T06:50:25.800568,1.9911391646587617e-08
2025-10-30T06:51:08.502061,1.8608258045560433e-08
2025-10-30T06:51:51.369876,1.957326034585094e-08
2025-10-30T06:52:35.522809,1.842439267818463e-08
2025-10-30T06:53:17.052049,2.0372851849970175e-08
2025-10-30T06:53:59.323656,1.7784000050369286e-08
2025-10-30T06:54:41.518213,2.385681341365853e-08
2025-10-30T06:55:24.133220,1.8274509017146556e-08
2025-10-30T06:56:07.880782,1.681325301206016e-08
2025-10-30T06:56:50.201369,1.7810426911069044e-08
2025-10-30T06:57:33.120434,2.0725787308606414e-08
2025-10-30T06:58:15.736410,1.764250434632686e-08
2025-10-30T06:58:59.065744,1.607495647704127e-08
2025-10-30T06:59:42.605840,1.7073542579737477e-08
2025-10-30T07:00:25.574526,1.66044351601613e-08
2025-10-30T07:01:07.819547,1.560929696609037e-08
2025-10-30T07:01:52.190504,1.6664820634559874e-08
2025-10-30T07:02:37.092517,1.5699624711373872e-08
2025-10-30T07:03:18.536157,1.53720840501137e-08
2025-10-30T07:04:00.500400,1.3450797808900461e-08
2025-10-30T07:04:43.297326,1.45393341810518e-08
2025-10-30T07:05:24.295877,1.669240745627576e-08
2025-10-30T07:06:06.747647,1.51721550878392e-08
2025-10-30T07:06:49.104535,1.5545946752126838e-08
2025-10-30T07:07:31.270589,1.4245205903762326e-08
2025-10-30T07:08:14.038412,1.515886260960997e-08
2025-10-30T07:08:59.330130,1.5064651748275537e-08
2025-10-30T07:09:43.286705,1.6087133403175358e-08
2025-10-30T07:10:24.407484,1.437317642682956e-08
2025-10-30T07:11:09.079281,1.3229207951326316e-08
2025-10-30T07:11:52.620815,1.4083766153305532e-08
2025-10-30T07:12:36.239923,1.2674628457887138e-08
2025-10-30T07:13:19.419736,1.1965321178308841e-08
2025-10-30T07:14:03.069156,1.3463484549447458e-08
2025-10-30T07:14:45.662435,1.3311245439240338e-08
2025-10-30T07:15:26.354478,1.3367324136481784e-08
2025-10-30T07:16:10.057195,1.2524856707329945e-08
2025-10-30T07:16:53.221362,1.2643556424052349e-08
2025-10-30T07:17:36.440506,1.1740118210923356e-08
2025-10-30T07:18:18.433616,1.1873739325096722e-08
2025-10-30T07:19:00.069911,1.3618434380191502e-08
2025-10-30T07:19:45.296167,1.2346656141914991e-08
2025-10-30T07:20:28.789766,1.2217331146757715e-08
2025-10-30T07:21:12.334489,1.1806048583196116e-08
2025-10-30T07:21:54.850090,1.0772285286009264e-08
2025-10-30T07:22:39.162722,1.0980797604531745e-08
2025-10-30T07:23:21.310067,9.87664172669156e-09
2025-10-30T07:24:06.159397,1.0990424570422874e-08
2025-10-30T07:24:49.939934,1.2499317136871468e-08
2025-10-30T07:25:31.725252,1.1298611823917781e-08
2025-10-30T07:26:13.823891,1.1843733993543992e-08
2025-10-30T07:26:55.556082,9.431042613528007e-09
2025-10-30T07:27:38.007963,9.595790828598183e-09
2025-10-30T07:28:21.291763,1.0034250763624186e-08
2025-10-30T07:29:05.395210,1.0321793197931584e-08
2025-10-30T07:29:49.496524,9.986189652977373e-09
2025-10-30T07:30:33.480402,9.726184302394358e-09
2025-10-30T07:31:15.274020,9.453737348508184e-09
2025-10-30T07:31:56.611035,9.966290015483992e-09
2025-10-30T07:32:38.277465,7.972085214191793e-09
2025-10-30T07:33:21.100385,1.01994199752653e-08
2025-10-30T07:34:02.235262,9.446635473864262e-09
2025-10-30T07:34:45.503641,9.252329569164885e-09
2025-10-30T07:35:27.090288,9.052189220426499e-09
2025-10-30T07:36:10.422611,8.89589113484135e-09
2025-10-30T07:36:53.594526,8.866631873161168e-09
2025-10-30T07:37:36.600127,1.0405914352418222e-08
2025-10-30T07:38:20.167226,8.576920507152863e-09
2025-10-30T07:39:02.873833,8.852012456372904e-09
2025-10-30T07:39:47.020217,8.527443640105048e-09
2025-10-30T07:40:30.398361,9.296723391116757e-09
2025-10-30T07:41:11.663011,8.165007336913277e-09
2025-10-30T07:41:53.354112,9.093071184906876e-09
2025-10-30T07:42:33.155731,8.905445270102064e-09
2025-10-30T07:43:15.343221,8.717671917679581e-09
2025-10-30T07:43:56.724173,8.537999640623184e-09
2025-10-30T07:44:38.588779,9.330435979393314e-09
2025-10-30T07:45:24.595752,7.113307276540581e-09
2025-10-30T07:46:06.599784,8.026548314887805e-09
2025-10-30T07:46:49.097937,7.993165240804956e-09
2025-10-30T07:47:32.445356,7.169326465827908e-09
2025-10-30T07:48:15.357769,7.890697872880992e-09
2025-10-30T07:48:58.322491,6.880531255859523e-09
2025-10-30T07:49:42.965456,7.412384928073834e-09
2025-10-30T07:50:26.905274,7.162531012738782e-09
2025-10-30T07:51:12.443732,7.62739560400405e-09
2025-10-30T07:51:56.443891,8.783892724295583e-09
2025-10-30T07:52:40.849112,7.389036493776757e-09
2025-10-30T07:53:24.387237,6.767900018189721e-09
2025-10-30T07:54:08.747486,7.8246849000152e-09
2025-10-30T07:54:52.704117,6.645958450235412e-09
2025-10-30T07:55:35.800982,6.205759461863636e-09
2025-10-30T07:56:19.163791,6.458541257359229e-09
2025-10-30T07:57:00.552750,5.904526645394981e-09
2025-10-30T07:57:44.414976,7.128233114883642e-09
2025-10-30T07:58:27.201248,6.44479669631437e-09
2025-10-30T07:59:09.947892,6.815929154413425e-09
2025-10-30T07:59:55.146490,7.826168157976099e-09
2025-10-30T08:00:38.839379,6.68260113911856e-09
2025-10-30T08:01:24.159565,6.680530351133029e-09
2025-10-30T08:02:08.067462,6.342251168689472e-09
2025-10-30T08:02:51.421442,5.584208651043809e-09
2025-10-30T08:03:33.548608,5.996973584387888e-09
2025-10-30T08:04:19.037047,6.0123053202687515e-09
2025-10-30T08:05:00.585646,5.743796105406318e-09
2025-10-30T08:05:42.966571,5.733451047262861e-09
2025-10-30T08:06:25.093086,5.9258731255340535e-09
2025-10-30T08:07:09.173862,6.304871291717973e-09
2025-10-30T08:07:53.046454,5.697680993677068e-09
2025-10-30T08:08:36.751246,6.214741610222063e-09
2025-10-30T08:09:19.422279,6.059199808561289e-09
2025-10-30T08:10:02.765159,6.288154885680797e-09
2025-10-30T08:10:46.207066,5.369162892066015e-09
2025-10-30T08:11:28.930350,6.2793112931558426e-09
2025-10-30T08:12:13.822129,5.192887897464971e-09
2025-10-30T08:12:57.369144,4.843760503803196e-09
2025-10-30T08:13:41.512881,5.122938073753858e-09
2025-10-30T08:14:22.891763,5.314034989822858e-09
2025-10-30T08:15:07.390139,6.301655197660239e-09
2025-10-30T08:15:52.097845,5.212888787298198e-09
2025-10-30T08:16:35.036459,5.359447996511335e-09
2025-10-30T08:17:18.233544,4.911061779466763e-09
2025-10-30T08:18:02.201268,5.205012421072297e-09
2025-10-30T08:18:45.753304,5.474284137108043e-09
2025-10-30T08:19:29.823675,5.291743931934434e-09
2025-10-30T08:20:14.655966,4.545477327866365e-09
2025-10-30T08:20:58.908320,5.394653612711409e-09
2025-10-30T08:21:42.624349,4.854604718218525e-09
2025-10-30T08:22:25.730270,4.655009266940624e-09
2025-10-30T08:23:09.013962,4.661770969249801e-09
2025-10-30T08:23:54.242122,4.499610906094631e-09
2025-10-30T08:24:38.066751,4.602986880541948e-09
2025-10-30T08:25:20.807165,4.71327954443268e-09
2025-10-30T08:26:03.804890,4.627972671755742e-09
2025-10-30T08:26:46.831862,4.420545707262136e-09
2025-10-30T08:27:28.625018,4.4508663421538586e-09
2025-10-30T08:28:11.731752,4.918834228817559e-09
2025-10-30T08:28:54.348103,4.9100865595619325e-09
2025-10-30T08:29:37.462373,4.705457357090381e-09
2025-10-30T08:30:19.360337,4.625103855460111e-09
2025-10-30T08:31:05.536772,4.098545947073262e-09
2025-10-30T08:31:49.277492,4.842747092226318e-09
2025-10-30T08:32:32.618261,3.961849515121685e-09
2025-10-30T08:33:17.408153,4.456692792587091e-09
2025-10-30T08:34:00.397110,3.8557042003617426e-09
2025-10-30T08:34:43.728204,4.097409522785256e-09
2025-10-30T08:35:27.233560,3.789919933439023e-09
2025-10-30T08:36:10.927898,4.092322924975633e-09
2025-10-30T08:36:55.534979,3.85766707466928e-09
2025-10-30T08:37:39.821549,4.349547388926567e-09
2025-10-30T08:38:22.541205,4.074890203042969e-09
2025-10-30T08:39:06.340582,3.858391828259755e-09
2025-10-30T08:39:50.759267,3.788078295485775e-09
2025-10-30T08:40:34.374469,4.163762223896583e-09
2025-10-30T08:41:19.103063,4.223283944781997e-09
2025-10-30T08:42:03.285980,3.5038292267586257e-09
2025-10-30T08:42:47.493519,3.851389429598839e-09
2025-10-30T08:43:30.465573,3.7277234632426826e-09
2025-10-30T08:44:15.878916,3.5323191038827417e-09
2025-10-30T08:45:00.287646,3.5783827012636493e-09
2025-10-30T08:45:43.692005,3.5727989455835996e-09
2025-10-30T08:46:27.358317,3.6789773449896757e-09
2025-10-30T08:47:10.867552,3.5162455169768236e-09
2025-10-30T08:47:55.022676,3.279611693329798e-09
2025-10-30T08:48:37.501019,3.763014788660257e-09
2025-10-30T08:49:20.944292,4.294169020369054e-09
2025-10-30T08:50:04.799464,3.815780580396222e-09
2025-10-30T08:50:47.724567,3.5261922270990453e-09
2025-10-30T08:51:31.415259,3.7428793397964455e-09
2025-10-30T08:52:15.392721,3.734281772693748e-09
2025-10-30T08:52:59.706779,3.1646743003932443e-09
2025-10-30T08:53:43.018801,3.3372380414675717e-09
2025-10-30T08:54:27.251949,4.085828564370786e-09
2025-10-30T08:55:14.173215,4.170010114989964e-09
2025-10-30T08:55:56.193458,3.1389524313141237e-09
2025-10-30T08:56:40.606359,3.299316375660055e-09
2025-10-30T08:57:23.411241,3.138981075068159e-09
2025-10-30T08:58:06.982235,3.0740952006169664e-09
2025-10-30T08:58:51.329047,3.869315534643647e-09
2025-10-30T08:59:37.192499,3.3267064658559775e-09
2025-10-30T09:00:21.106626,3.41519879043517e-09
2025-10-30T09:01:05.576036,3.3789921971560943e-09
2025-10-30T09:01:49.530999,3.363517020460449e-09
2025-10-30T09:02:33.539809,3.5736453796175738e-09
2025-10-30T09:03:16.644710,3.113387547770685e-09
2025-10-30T09:04:01.740067,3.4673399706974806e-09
2025-10-30T09:04:44.810808,3.011441540579085e-09
2025-10-30T09:05:28.236640,3.0938025474824826e-09
2025-10-30T09:06:12.927256,3.217099253660649e-09
2025-10-30T09:06:57.004125,3.192693664999524e-09
2025-10-30T09:07:40.027400,3.130149028862661e-09
2025-10-30T09:08:25.409666,2.930106823839651e-09
2025-10-30T09:09:10.469906,3.075545151887127e-09
2025-10-30T09:09:53.443644,3.051082719807141e-09
2025-10-30T09:10:35.658490,2.817827082779445e-09
2025-10-30T09:11:16.308579,3.071534582232971e-09
2025-10-30T09:11:57.795659,3.68476915646454e-09
2025-10-30T09:12:41.428893,2.9976594539959933e-09
2025-10-30T09:13:23.035296,2.865349291170105e-09
2025-10-30T09:14:05.646796,2.6980022660438863e-09
2025-10-30T09:14:48.009981,3.234574386112854e-09
2025-10-30T09:15:29.562094,2.7577775618681244e-09
2025-10-30T09:16:13.284813,2.8853484046464928e-09
2025-10-30T09:16:56.477505,3.0544522466868784e-09
2025-10-30T09:17:39.323093,3.359391875790152e-09
2025-10-30T09:18:23.165178,2.7061668461669797e-09
2025-10-30T09:19:05.364002,2.7326552132223014e-09
2025-10-30T09:19:49.431018,2.865331527601711e-09
2025-10-30T09:20:32.847102,2.8648141636722357e-09
2025-10-30T09:21:17.059922,2.683116395729712e-09
2025-10-30T09:22:00.616256,2.75296319074414e-09
2025-10-30T09:22:45.373011,2.6902204908196836e-09
2025-10-30T09:23:29.532651,2.5970510186823503e-09
2025-10-30T09:24:14.611268,2.949581467959206e-09
2025-10-30T09:24:57.432736,2.591303394083866e-09
2025-10-30T09:25:40.147959,2.5875674936060022e-09
2025-10-30T09:26:23.069132,2.526909348432582e-09
2025-10-30T09:27:06.662773,2.6869186875444484e-09
2025-10-30T09:27:49.044576,2.67411826015973e-09
2025-10-30T09:28:34.152275,2.627541295652236e-09
2025-10-30T09:29:19.281533,2.4651867214231515e-09
2025-10-30T09:30:04.562492,2.7110012013054074e-09
2025-10-30T09:30:47.598369,2.499199069916358e-09
2025-10-30T09:31:30.292246,2.488939276901192e-09
2025-10-30T09:32:12.521948,3.1575053682786347e-09
2025-10-30T09:32:54.640579,2.552174027670162e-09
2025-10-30T09:33:38.221483,2.431711276784654e-09
2025-10-30T09:34:20.217612,2.406878474303653e-09
2025-10-30T09:35:02.425225,2.487890782276736e-09
2025-10-30T09:35:43.639539,2.517369424026583e-09
2025-10-30T09:36:28.117549,2.6480651005300615e-09
2025-10-30T09:37:11.747159,2.389774378386278e-09
2025-10-30T09:37:56.593389,2.4310606860922235e-09
2025-10-30T09:38:40.103692,3.005562465574485e-09
2025-10-30T09:39:24.624487,2.304884727521994e-09
2025-10-30T09:40:08.552045,2.5176027929063594e-09
2025-10-30T09:40:52.498657,2.4989841307387906e-09
2025-10-30T09:41:34.954122,2.6365591931920562e-09
2025-10-30T09:42:19.456735,2.327300352433781e-09
2025-10-30T09:43:03.117390,2.2843584801535144e-09
2025-10-30T09:43:46.075923,2.6641622241641016e-09
2025-10-30T09:44:28.881248,2.3917190450362114e-09
2025-10-30T09:45:11.537436,2.069511673141733e-09
2025-10-30T09:45:55.329123,2.1567236885289276e-09
2025-10-30T09:46:36.820698,2.1582668985331566e-09
2025-10-30T09:47:20.830728,1.945150263082951e-09
2025-10-30T09:48:02.843263,2.223180528559965e-09
2025-10-30T09:48:45.968590,2.09294803710236e-09
2025-10-30T09:49:28.777894,1.9313550758681686e-09
2025-10-30T09:50:12.057602,2.0788553101169782e-09
2025-10-30T09:50:55.238537,2.0973991432526873e-09
2025-10-30T09:51:37.990980,2.2269670552077514e-09
2025-10-30T09:52:21.242872,2.311007829547407e-09
2025-10-30T09:53:05.112913,2.248945474292441e-09
2025-10-30T09:53:48.301923,2.468111937048434e-09
2025-10-30T09:54:29.608332,1.9771162484971683e-09
2025-10-30T09:55:12.680190,2.087362060976261e-09
2025-10-30T09:55:54.947025,1.903432300665031e-09
2025-10-30T09:56:38.557820,2.0901862463063026e-09
2025-10-30T09:57:19.869561,2.6981057388297813e-09
2025-10-30T09:58:04.052777,2.158173195709878e-09
2025-10-30T09:58:45.518181,2.0513277743106073e-09
2025-10-30T09:59:27.602004,1.9434991394007284e-09
2025-10-30T10:00:09.951923,2.34071984017703e-09
2025-10-30T10:00:54.327716,2.2872230776016522e-09
2025-10-30T10:01:39.043790,1.9396455552822545e-09
2025-10-30T10:02:20.546622,2.072028770783163e-09
2025-10-30T10:03:02.820764,1.8151209424388526e-09
2025-10-30T10:03:45.696985,1.9387957905792064e-09
2025-10-30T10:04:27.792757,2.280180488867245e-09
2025-10-30T10:05:11.954195,2.094449946810073e-09
2025-10-30T10:05:53.869812,2.1316732823351003e-09
2025-10-30T10:06:37.080339,1.763418078226664e-09
2025-10-30T10:07:22.365015,2.069378446378778e-09
2025-10-30T10:08:05.393661,2.197862336572598e-09
2025-10-30T10:08:48.996894,1.7586665457258732e-09
2025-10-30T10:09:33.255763,2.203755844476518e-09
2025-10-30T10:10:17.145260,1.6885324249926725e-09
2025-10-30T10:11:00.467274,1.9151711327936027e-09
2025-10-30T10:11:44.437236,1.7581860412008155e-09
2025-10-30T10:12:27.459067,1.8978754123821773e-09
2025-10-30T10:13:09.993082,1.817726191788438e-09
2025-10-30T10:13:52.125391,1.9745098889245583e-09
2025-10-30T10:14:34.466015,1.7973451615915792e-09
2025-10-30T10:15:16.398570,1.7928344364648297e-09
2025-10-30T10:15:59.018762,1.7060893808817923e-09
2025-10-30T10:16:40.116331,1.7480130676261751e-09
2025-10-30T10:17:22.449238,1.7619867787033172e-09
2025-10-30T10:18:05.794676,1.5838470535101123e-09
2025-10-30T10:18:48.710855,2.0907173770012832e-09
2025-10-30T10:19:33.485374,1.7955963382831897e-09
2025-10-30T10:20:17.087744,1.667167515151391e-09
2025-10-30T10:20:59.499634,1.773799107596119e-09
2025-10-30T10:21:40.889238,1.7129552221106792e-09
2025-10-30T10:22:24.433630,1.7313891431669504e-09
2025-10-30T10:23:07.366520,1.6348762343909584e-09
2025-10-30T10:23:49.994039,1.9116912497452176e-09
2025-10-30T10:24:34.676273,1.8700423431994295e-09
2025-10-30T10:25:17.759300,1.5677847908790454e-09
2025-10-30T10:25:59.314463,1.6999884833168721e-09
2025-10-30T10:26:44.998092,1.9477224277864025e-09
2025-10-30T10:27:28.443927,1.9266992445921005e-09
2025-10-30T10:28:12.976773,1.861702014771538e-09
2025-10-30T10:28:56.205888,1.7609229630011214e-09
2025-10-30T10:29:37.513363,1.8238844878837313e-09
2025-10-30T10:30:19.230328,1.4506050804996562e-09
2025-10-30T10:31:03.065476,1.7180759037671578e-09
2025-10-30T10:31:47.300072,2.0292680869005153e-09
2025-10-30T10:32:30.479709,1.917131120521276e-09
2025-10-30T10:33:12.825145,1.6890376874911794e-09
2025-10-30T10:33:56.643803,1.9692696362483275e-09
2025-10-30T10:34:39.618612,1.871349741833228e-09
2025-10-30T10:35:25.519670,1.4940229053905796e-09
2025-10-30T10:36:08.559807,1.5641139494704248e-09
2025-10-30T10:36:50.818370,1.4517116397883e-09
2025-10-30T10:37:33.521576,1.5440759781881752e-09
2025-10-30T10:38:15.020901,1.7313417366437989e-09
2025-10-30T10:38:58.159863,1.6064758412426272e-09
2025-10-30T10:39:41.124410,1.4489628386016307e-09
2025-10-30T10:40:26.183560,1.6577059724909304e-09
2025-10-30T10:41:09.107075,1.8413384150761658e-09
2025-10-30T10:41:51.630029,1.5929129126845964e-09
2025-10-30T10:42:32.059648,1.545264138869129e-09
2025-10-30T10:43:12.912955,1.7019374798366016e-09
2025-10-30T10:43:54.029712,1.756223610982488e-09
2025-10-30T10:44:37.260521,1.693977624839249e-09
2025-10-30T10:45:20.815217,1.5602135139403117e-09
2025-10-30T10:46:05.736175,1.4332792730442634e-09
2025-10-30T10:46:48.862423,1.5637000583268446e-09
2025-10-30T10:47:31.519351,1.5432457534103605e-09
2025-10-30T10:48:14.929218,1.5671102193692832e-09
2025-10-30T10:48:57.730079,2.0935515543385463e-09
2025-10-30T10:49:40.914221,1.3841088275512448e-09
2025-10-30T10:50:23.848835,1.4521093216757208e-09
2025-10-30T10:51:06.388999,1.5457771729288083e-09
2025-10-30T10:51:47.879340,1.6679950753939465e-09
2025-10-30T10:52:33.812290,1.5791736807102552e-09
2025-10-30T10:53:18.102171,1.4943812853829286e-09
2025-10-30T10:54:01.065854,1.584169573298766e-09
2025-10-30T10:54:41.787241,1.566422214160923e-09
2025-10-30T10:55:26.086731,1.4080401289362499e-09
2025-10-30T10:56:09.326546,1.5090719784893736e-09
2025-10-30T10:56:51.496708,1.5211051307417733e-09
2025-10-30T10:57:35.184354,1.5315301249430036e-09
2025-10-30T10:58:16.441136,1.4175254303694373e-09
2025-10-30T10:58:59.650824,1.5306900191802697e-09
2025-10-30T10:59:43.260842,1.291068363329373e-09
2025-10-30T11:00:26.763512,1.5043459811181492e-09
2025-10-30T11:01:10.233198,1.3937986320655682e-09
2025-10-30T11:01:54.658293,1.3611771709776121e-09
2025-10-30T11:02:36.925711,1.5176236933811538e-09
2025-10-30T11:03:18.901147,1.7058999768337912e-09
2025-10-30T11:04:03.013272,1.6717367490315382e-09
2025-10-30T11:04:46.149236,1.40861722286445e-09
2025-10-30T11:05:29.182302,1.4610924692348704e-09
2025-10-30T11:06:13.517946,1.459202314535446e-09
2025-10-30T11:06:57.614655,1.3330723191984362e-09
2025-10-30T11:07:39.608677,1.7072103730697563e-09
2025-10-30T11:08:22.514186,1.5308970757743623e-09
2025-10-30T11:09:08.593536,1.4291863248416803e-09
2025-10-30T11:09:52.056748,1.6806034341954046e-09
2025-10-30T11:10:34.425345,1.505571556315033e-09
2025-10-30T11:11:17.038800,1.5760952543075746e-09
2025-10-30T11:12:00.227175,1.5670491571029288e-09
2025-10-30T11:12:41.652106,1.5414249876499753e-09
2025-10-30T11:13:20.827107,1.397107762812766e-09
2025-10-30T11:14:02.394059,1.3873080462190046e-09
2025-10-30T11:14:43.546726,1.2901977264334619e-09
2025-10-30T11:15:25.230117,1.5237060502215627e-09
2025-10-30T11:16:08.919993,1.4251357871586379e-09
2025-10-30T11:16:51.153466,1.2788912151506793e-09
2025-10-30T11:17:34.881487,1.364571788897706e-09
2025-10-30T11:18:16.938756,1.4402503634158847e-09
2025-10-30T11:18:59.634486,1.3458528735910136e-09
2025-10-30T11:19:41.732749,1.332975063661479e-09
2025-10-30T11:20:25.534009,1.554775974632605e-09
2025-10-30T11:21:09.505222,1.4736372122570174e-09
2025-10-30T11:21:51.574410,1.3482388538932355e-09
2025-10-30T11:22:33.674115,1.7210470826256596e-09
2025-10-30T11:23:16.043804,1.2744407751341669e-09
2025-10-30T11:23:59.576573,1.4792442826205843e-09
2025-10-30T11:24:42.845587,1.4080607790845079e-09
2025-10-30T11:25:25.113116,1.3960127498435781e-09
2025-10-30T11:26:10.825932,1.2048242403750464e-09
2025-10-30T11:26:55.956593,1.2795329240589126e-09
2025-10-30T11:27:39.036209,1.2674963301151365e-09
2025-10-30T11:28:23.016693,1.3824853484223354e-09
2025-10-30T11:29:05.325337,1.33383126765807e-09
2025-10-30T11:29:47.814686,1.24433952031211e-09
2025-10-30T11:30:32.108550,1.3700223178148008e-09
2025-10-30T11:31:16.241857,1.3193968140257084e-09
2025-10-30T11:32:01.267736,1.2619679745640155e-09
2025-10-30T11:32:45.173276,1.578305153238091e-09
2025-10-30T11:33:30.685621,1.158730444927869e-09
2025-10-30T11:34:14.372032,1.3235331719485544e-09
2025-10-30T11:34:58.821162,1.5629971761299544e-09
2025-10-30T11:35:41.140534,1.3146457256141275e-09
2025-10-30T11:36:25.718635,1.5895624816408827e-09
2025-10-30T11:37:10.040443,1.2689014283751021e-09
2025-10-30T11:37:53.369051,1.2632913604093687e-09
2025-10-30T11:38:37.815975,1.3032612766750162e-09
2025-10-30T11:39:21.664768,1.2602553445262288e-09
2025-10-30T11:40:03.454907,1.103589886142231e-09
2025-10-30T11:40:45.896555,1.0557009710865373e-09
2025-10-30T11:41:29.852917,1.2539371763153895e-09
2025-10-30T11:42:12.087357,1.346978750760286e-09
2025-10-30T11:42:53.830247,1.083073630780973e-09
2025-10-30T11:43:38.836099,1.2586109932044565e-09
2025-10-30T11:44:22.372802,1.2342196153980467e-09
2025-10-30T11:45:05.997620,1.1353504802968928e-09
2025-10-30T11:45:51.821347,1.2075036526226768e-09
2025-10-30T11:46:33.693297,1.0851295417779738e-09
2025-10-30T11:47:14.386259,1.2546577110583712e-09
2025-10-30T11:47:56.808495,1.1836893687444672e-09
2025-10-30T11:48:39.802660,1.4504961676209405e-09
2025-10-30T11:49:21.523509,1.267654647918448e-09
2025-10-30T11:50:03.522116,1.2028902318661494e-09
2025-10-30T11:50:48.598330,1.238753100096801e-09
2025-10-30T11:51:31.486487,1.4325928221481377e-09
2025-10-30T11:52:12.326840,1.2354839373784898e-09
2025-10-30T11:52:56.319058,1.3545702337580678e-09
2025-10-30T11:53:38.437457,1.166715390965578e-09
2025-10-30T11:54:20.244948,1.2799900028781508e-09
2025-10-30T11:55:03.461614,1.2108394287224655e-09
2025-10-30T11:55:46.302935,1.185123110758468e-09
2025-10-30T11:56:31.559858,1.0106931958020482e-09
2025-10-30T11:57:13.474417,1.198525501067138e-09
2025-10-30T11:57:57.594311,1.210021749464829e-09
2025-10-30T11:58:40.856322,1.3564486200934311e-09
2025-10-30T11:59:24.315397,1.1766028151782848e-09
2025-10-30T12:00:08.531305,1.0839201758372496e-09
2025-10-30T12:00:52.164208,1.1396370513949705e-09
2025-10-30T12:01:35.911939,1.189074616547714e-09
2025-10-30T12:02:18.517212,1.1478759054384113e-09
2025-10-30T12:03:01.712162,1.186955089771402e-09
2025-10-30T12:03:45.219968,1.1603058513998121e-09
2025-10-30T12:04:28.509248,1.2502199275843395e-09
2025-10-30T12:05:09.997302,1.0463856447984199e-09
2025-10-30T12:05:53.575017,1.2628837975370288e-09
2025-10-30T12:06:36.655980,1.0907258429782019e-09
2025-10-30T12:07:18.354852,1.0875550460198724e-09
2025-10-30T12:08:02.750802,1.0999816613121993e-09
2025-10-30T12:08:46.823812,1.1892140605596069e-09
2025-10-30T12:09:31.560959,1.136212013364002e-09
2025-10-30T12:10:13.470686,1.0789602544747368e-09
2025-10-30T12:10:54.724206,1.0513392378896924e-09
2025-10-30T12:11:39.429323,1.3017649180824264e-09
2025-10-30T12:12:22.948797,1.0895624402706972e-09
2025-10-30T12:13:07.165402,1.068228616674105e-09
2025-10-30T12:13:48.535830,1.1472538474777139e-09
2025-10-30T12:14:29.919733,1.1531213761628578e-09
2025-10-30T12:15:13.551095,1.0456495669330934e-09
2025-10-30T12:15:56.581422,1.0994293253574483e-09
2025-10-30T12:16:39.406394,9.701249803484302e-10
2025-10-30T12:17:23.582392,1.1478289430044697e-09
2025-10-30T12:18:06.452758,1.0729591659597304e-09
2025-10-30T12:18:50.745425,1.0615395229507385e-09
2025-10-30T12:19:34.057006,1.1080036887989309e-09
2025-10-30T12:20:18.899098,1.0160708940887275e-09
2025-10-30T12:21:02.076337,1.1937919541793462e-09
2025-10-30T12:21:48.673519,1.0009593154336471e-09
2025-10-30T12:22:30.941424,1.0785230486476394e-09
2025-10-30T12:23:14.625026,1.1497272023319738e-09
2025-10-30T12:23:56.559598,1.0898515423463095e-09
2025-10-30T12:24:38.466173,9.656462296447899e-10
2025-10-30T12:25:21.767158,9.859091321118285e-10
2025-10-30T12:26:04.428470,1.0856135990167104e-09
2025-10-30T12:26:45.954759,9.446680104829852e-10
2025-10-30T12:27:30.188873,1.1197136551288622e-09
2025-10-30T12:28:15.589206,9.805446454791422e-10
2025-10-30T12:29:00.755173,1.055048493014965e-09
2025-10-30T12:29:44.905731,9.665128697378123e-10
2025-10-30T12:30:29.045926,9.447050919320077e-10
2025-10-30T12:31:12.189370,9.18281783945929e-10
2025-10-30T12:31:56.176612,1.1369440944264397e-09
2025-10-30T12:32:42.067366,1.1594766258227196e-09
2025-10-30T12:33:26.204803,1.027420815091773e-09
2025-10-30T12:34:09.082153,9.542064915990522e-10
2025-10-30T12:34:52.449670,9.58913837223463e-10
2025-10-30T12:35:36.437453,9.560516822659793e-10
2025-10-30T12:36:20.931937,9.670424461205585e-10
2025-10-30T12:37:04.414914,9.53593870534064e-10
2025-10-30T12:37:48.285072,9.148027890759636e-10
2025-10-30T12:38:31.895665,8.90145734899761e-10
2025-10-30T12:39:14.864629,8.822684804954406e-10
2025-10-30T12:39:57.881920,8.969224252197705e-10
2025-10-30T12:40:39.894423,8.328147060865376e-10
2025-10-30T12:41:23.602770,1.1412546463418494e-09
2025-10-30T12:42:07.044244,1.0474398015603015e-09
2025-10-30T12:42:49.601098,8.914879945365328e-10
2025-10-30T12:43:32.289817,1.2556784501072116e-09
2025-10-30T12:44:14.433918,9.594891547948237e-10
2025-10-30T12:44:57.993810,9.598499772778268e-10
2025-10-30T12:45:43.320523,9.456186944589717e-10
2025-10-30T12:46:25.945529,8.846788857042043e-10
2025-10-30T12:47:08.527804,9.375600296124276e-10
2025-10-30T12:47:51.526780,9.033415682146995e-10
2025-10-30T12:48:34.075663,9.129498268478642e-10
2025-10-30T12:49:18.614422,1.0045402287772731e-09
2025-10-30T12:50:01.686081,1.0276826056809796e-09
2025-10-30T12:50:42.800424,1.1560891133299833e-09
2025-10-30T12:51:25.172516,1.0852310161624246e-09
2025-10-30T12:52:06.793251,9.162074987578706e-10
2025-10-30T12:52:50.074486,9.383428478670908e-10
2025-10-30T12:53:32.830085,9.322652649856877e-10
2025-10-30T12:54:15.817504,1.0679737094676511e-09
2025-10-30T12:55:00.499881,9.79370806675206e-10
2025-10-30T12:55:44.985500,9.89528792239014e-10
2025-10-30T12:56:29.276437,1.1275951283806762e-09
2025-10-30T12:57:11.103301,9.179123017233337e-10
2025-10-30T12:57:56.342500,8.670892892581605e-10
2025-10-30T12:58:41.188690,1.0199492361806506e-09
2025-10-30T12:59:21.757774,1.0545156969854474e-09
2025-10-30T13:00:05.010016,9.008879198191266e-10
2025-10-30T13:00:47.841244,8.505416926318787e-10
2025-10-30T13:01:32.096524,1.0011143025678848e-09
2025-10-30T13:02:15.586563,1.0211935741466505e-09
2025-10-30T13:02:57.859122,9.900246178418115e-10
2025-10-30T13:03:41.439607,9.149626056803584e-10
2025-10-30T13:04:23.303959,9.925285038292486e-10
2025-10-30T13:05:06.316737,9.884959517592051e-10
2025-10-30T13:05:49.136253,1.005523886377091e-09
2025-10-30T13:06:32.495007,1.036702945711454e-09
2025-10-30T13:07:15.924955,9.446954329916935e-10
2025-10-30T13:07:58.258309,8.737484069598622e-10
2025-10-30T13:08:41.116877,9.284135127352044e-10
2025-10-30T13:09:23.763325,1.0068430533749506e-09
2025-10-30T13:10:09.622150,1.0147830353801623e-09
2025-10-30T13:10:52.633959,8.934967210549871e-10
2025-10-30T13:11:36.630071,9.470244588527521e-10
2025-10-30T13:12:20.153404,8.838157428137094e-10
2025-10-30T13:13:02.938981,9.935750000522603e-10
2025-10-30T13:13:46.562801,9.78390479744462e-10
2025-10-30T13:14:29.414696,1.0793996807478834e-09
2025-10-30T13:15:13.156517,9.44080591480656e-10
2025-10-30T13:15:57.270906,8.797119699366363e-10
2025-10-30T13:16:40.873601,9.31790311575753e-10
2025-10-30T13:17:22.819822,9.148976021222666e-10
2025-10-30T13:18:07.937384,9.472730377879657e-10
2025-10-30T13:18:50.324470,1.1275138600552737e-09
2025-10-30T13:19:35.009758,8.945181817487935e-10
2025-10-30T13:20:19.258328,8.681381169495239e-10
2025-10-30T13:21:01.625020,1.000456162358887e-09
2025-10-30T13:21:45.481153,7.861458706237556e-10
2025-10-30T13:22:27.447334,7.322352724159487e-10
2025-10-30T13:23:11.711712,9.403142708919177e-10
2025-10-30T13:23:54.603806,1.0823073548493767e-09
2025-10-30T13:24:38.430569,9.541590850759007e-10
2025-10-30T13:25:20.330442,8.083023139704437e-10
2025-10-30T13:26:01.006773,1.0276109962958913e-09
2025-10-30T13:26:42.063118,9.415431767578752e-10
2025-10-30T13:27:26.088067,7.422647496646562e-10
2025-10-30T13:28:10.602348,8.609102319923068e-10
2025-10-30T13:28:55.008919,7.832324788736855e-10
2025-10-30T13:29:37.499905,8.224828595970735e-10
2025-10-30T13:30:22.940187,1.2763311518781961e-09
2025-10-30T13:31:07.799208,8.911190674254499e-10
2025-10-30T13:31:50.900534,8.159070086222187e-10
2025-10-30T13:32:34.336602,8.074190760432032e-10
2025-10-30T13:33:20.246417,7.002948221312977e-10
2025-10-30T13:34:04.476953,7.902664078685007e-10
2025-10-30T13:34:48.932150,7.80626951968344e-10
2025-10-30T13:35:31.507343,7.353502806672907e-10
2025-10-30T13:36:13.953116,7.715446059819442e-10
2025-10-30T13:36:57.183369,8.472237356116352e-10
2025-10-30T13:37:39.598963,7.59214913159667e-10
2025-10-30T13:38:22.509055,8.318131738960233e-10
2025-10-30T13:39:07.326346,8.787737204585255e-10
2025-10-30T13:39:50.796205,8.262505679645926e-10
2025-10-30T13:40:33.575976,7.646154820406537e-10
2025-10-30T13:41:17.642884,7.386627975947135e-10
2025-10-30T13:41:58.882619,7.69591834703931e-10
2025-10-30T13:42:43.373394,6.890503168044404e-10
2025-10-30T13:43:27.467830,8.18247969380792e-10
2025-10-30T13:44:13.600450,8.666776740717808e-10
2025-10-30T13:44:55.360280,8.762434111631023e-10
2025-10-30T13:45:37.509445,7.698700565939021e-10
2025-10-30T13:46:20.001476,7.804805690625471e-10
2025-10-30T13:47:03.169193,7.94278753879496e-10
2025-10-30T13:47:47.534312,1.1378874509304637e-09
2025-10-30T13:48:28.755708,7.961052927996093e-10
2025-10-30T13:49:13.373812,7.439319715807358e-10
